Image name,Score,Total time,Inference time,Preprocessing time
00001.jpg,0.74826723,595.342016,583.019328,12.322673
00002.jpg,0.7830593,566.627648,556.483264,10.14441
00003.jpg,0.7333956,563.600576,554.6896,8.91101
00004.jpg,0.79468536,564.726912,554.627328,10.099569
00005.jpg,0.7845508,573.43072,561.540224,11.890543
00006.jpg,0.7698332,564.364224,554.767232,9.596964
00007.jpg,0.7412051,584.34176,570.241472,14.10026
00008.jpg,0.79518574,578.02944,566.007296,12.022135
00009.jpg,0.7638675,571.849216,562.134464,9.714803
00010.jpg,0.7781284,582.93312,573.395712,9.537394
00011.jpg,0.7438371,594.36864,583.661952,10.706706
00012.jpg,0.64944816,597.071424,587.032576,10.0389
00013.jpg,0.77418745,585.172352,574.811392,10.361002
00014.jpg,0.77996546,585.128704,577.55872,7.569987
00015.jpg,0.73613065,594.349504,584.174336,10.175171
00016.jpg,0.78449106,605.459584,595.163584,10.29598
00017.jpg,0.79199255,586.974848,575.742272,11.232585
00018.jpg,0.7866671,592.871232,580.982272,11.888998
00019.jpg,0.78422505,587.620224,576.313088,11.307129
00020.jpg,0.748811,584.089216,572.959168,11.130005
00021.jpg,0.70732796,592.641984,577.171072,15.470907
00022.jpg,0.7843223,598.789376,586.000896,12.788453
00023.jpg,0.6924802,600.685504,589.832832,10.852661
00024.jpg,0.78730446,590.981184,580.601984,10.37915
00025.jpg,0.73989594,592.29504,582.216,10.07902
00026.jpg,0.7652798,588.714624,577.585536,11.129109
00027.jpg,0.76992345,601.456128,588.550848,12.905274
00028.jpg,0.79963624,594.218816,583.476032,10.742758
00029.jpg,0.75695527,595.79584,583.457408,12.33842
00030.jpg,0.78299904,606.241536,595.469504,10.772014
00031.jpg,0.78503305,600.03456,587.760768,12.273804
00032.jpg,0.7827249,615.28896,597.21312,18.075806
00033.jpg,0.76751834,594.199424,582.53344,11.665975
00034.jpg,0.75042564,593.85536,582.249856,11.605468
00035.jpg,0.7690861,595.348032,585.016832,10.331217
00036.jpg,0.7845328,597.110528,586.828032,10.282512
00037.jpg,0.7841284,608.31296,595.780864,12.532105
00038.jpg,0.58194935,604.519872,597.767616,6.752279
00039.jpg,0.77076423,610.209088,597.923136,12.285971
00040.jpg,0.7819636,606.796288,595.965184,10.831137
00041.jpg,0.77311456,605.721792,595.202688,10.519124
00042.jpg,0.7179871,610.897216,600.390848,10.506388
00043.jpg,0.7713249,604.202048,593.098688,11.103353
00044.jpg,0.7744057,605.091648,593.593344,11.498291
00045.jpg,0.5694336,600.792896,592.823424,7.969483
00046.jpg,0.7473616,612.518016,597.176,15.342
00047.jpg,0.76072216,601.32608,590.02016,11.305908
00048.jpg,0.6962906,609.475456,598.510336,10.965088
00049.jpg,0.7828587,608.03232,596.760512,11.271769
00050.jpg,0.7462709,605.320384,593.141824,12.178548
00051.jpg,0.68429893,602.324992,592.398592,9.926432
00052.jpg,0.77202445,612.293888,596.123712,16.170166
00053.jpg,0.74089366,615.679808,604.014336,11.665446
00054.jpg,0.77552706,610.172992,598.899648,11.273356
00055.jpg,0.76834035,606.163968,593.94432,12.219645
00056.jpg,0.7336987,605.502976,594.465024,11.037964
00057.jpg,0.7924456,607.131328,594.546752,12.584554
00058.jpg,0.7938502,616.66528,605.37792,11.287354
00059.jpg,0.7587014,615.04,603.037504,12.002482
00060.jpg,0.7649173,612.103552,599.000256,13.103272
00061.jpg,0.7293738,621.141632,607.574976,13.566691
00062.jpg,0.74151546,613.426816,602.156544,11.270223
00063.jpg,0.7742021,612.774464,602.058816,10.715617
00064.jpg,0.7667501,611.394048,600.031104,11.362915
00065.jpg,0.7564707,617.257664,605.064192,12.193441
00066.jpg,0.77451295,607.26784,594.245952,13.021892
00067.jpg,0.7465527,609.1216,596.662336,12.459269
00068.jpg,0.7805444,610.115456,598.968,11.147502
00069.jpg,0.78092915,625.186944,611.735872,13.451091
00070.jpg,0.7778778,610.951104,597.305792,13.645304
00071.jpg,0.6934648,609.15392,596.44224,12.711669
00072.jpg,0.7471279,617.143104,602.136576,15.006511
00073.jpg,0.6418159,602.075008,592.052992,10.022013
00074.jpg,0.69509006,612.120384,600.991808,11.128621
00075.jpg,0.7746672,610.605568,599.460032,11.145548
00076.jpg,0.77326334,616.554368,600.863616,15.690755
00077.jpg,0.7454263,627.599872,615.295296,12.304606
00078.jpg,0.7386094,621.730112,609.377728,12.352417
00079.jpg,0.7842672,615.823424,604.5088,11.314575
00080.jpg,0.77552253,611.157888,599.594944,11.562907
00081.jpg,0.6282561,616.604032,605.32704,11.276978
00082.jpg,0.7814615,614.413184,598.874304,15.538899
00083.jpg,0.7709768,611.850112,599.082496,12.767618
00084.jpg,0.76620626,629.943936,616.708736,13.235189
00085.jpg,0.77799314,612.332032,600.23904,12.092977
00086.jpg,0.78582627,627.517248,616.230528,11.286743
00087.jpg,0.73305625,621.409408,608.046016,13.363363
00088.jpg,0.7833762,615.273536,603.092672,12.180867
00089.jpg,0.7932853,612.701632,600.72416,11.977458
00090.jpg,0.71910304,614.48032,602.758464,11.721842
00091.jpg,0.7522099,632.721024,619.179264,13.541789
00092.jpg,0.76654655,629.741888,616.660544,13.08134
00093.jpg,0.75503534,626.364864,613.685376,12.679484
00094.jpg,0.7743392,626.123456,614.021184,12.102255
00095.jpg,0.7835344,621.18752,608.771584,12.415894
00096.jpg,0.78388333,621.254784,605.749248,15.505534
00097.jpg,0.8017722,618.445888,605.595776,12.850138
00098.jpg,0.7421353,604.600192,591.79584,12.804321
00099.jpg,0.77376705,631.523136,619.365376,12.157755
00100.jpg,0.77097076,644.8208,632.45536,12.365438
00101.jpg,0.79961735,624.34272,608.672384,15.670328
00102.jpg,0.77626634,633.398208,621.341312,12.056925
00103.jpg,0.77772593,652.190592,640.912,11.278564
00104.jpg,0.7585916,625.227968,612.952832,12.275146
00105.jpg,0.7898266,618.803968,607.485888,11.318115
00106.jpg,0.7645957,634.777408,622.049408,12.727987
00107.jpg,0.7887918,630.744,617.99712,12.746908
00108.jpg,0.73153234,646.32096,628.9984,17.32255
00109.jpg,0.74143505,622.545856,608.427328,14.11853
00110.jpg,0.6918194,616.572736,606.141632,10.431112
00111.jpg,0.775216,617.339136,604.564096,12.774984
00112.jpg,0.7585332,617.157888,604.872576,12.285319
00113.jpg,0.6687558,627.761664,614.408256,13.353353
00114.jpg,0.7501902,623.12576,611.51296,11.612753
00115.jpg,0.740916,620.768832,604.387072,16.381796
00116.jpg,0.765198,636.093248,623.951104,12.142131
00117.jpg,0.7387674,622.823232,611.101632,11.721598
00118.jpg,0.77274585,627.834688,619.71872,8.115967
00119.jpg,0.78687793,624.264704,611.995456,12.269206
00120.jpg,0.7568074,621.650368,609.935488,11.714844
00121.jpg,0.79820544,626.011072,613.438528,12.57251
00122.jpg,0.64843357,624.374464,613.205248,11.16923
00123.jpg,0.7661704,655.262336,636.857856,18.40446
00124.jpg,0.71369493,630.016384,619.249984,10.766398
00125.jpg,0.7627869,635.359424,622.695104,12.664306
00126.jpg,0.74543595,641.283904,629.041472,12.242431
00127.jpg,0.70646846,714.132416,691.21056,22.921876
00128.jpg,0.7324159,682.892544,665.022848,17.86971
00129.jpg,0.7569555,675.061376,656.560832,18.500528
00130.jpg,0.7261816,680.995456,662.17888,18.816568
00131.jpg,0.770656,681.12704,663.570624,17.556436
00132.jpg,0.77974993,663.691392,646.177216,17.5142
00133.jpg,0.7436164,662.987136,648.496896,14.490234
00134.jpg,0.7079823,671.106112,653.989952,17.116172
00135.jpg,0.7499431,681.042624,665.589056,15.453573
00136.jpg,0.7374344,757.736192,743.039936,14.696208
00137.jpg,0.7797388,744.912192,725.09152,19.82068
00138.jpg,0.582036,725.902336,715.894464,10.007853
00139.jpg,0.7756272,740.202176,727.128128,13.074056
00140.jpg,0.6317066,728.917248,717.794752,11.122518
00141.jpg,0.73162246,726.739328,710.21376,16.525554
00142.jpg,0.69897586,727.088192,713.927488,13.160686
00143.jpg,0.78210825,709.09376,693.97024,15.123495
00144.jpg,0.69850093,722.590528,709.191616,13.398926
00145.jpg,0.76238734,727.320256,712.750336,14.569906
00146.jpg,0.7471125,722.130304,705.189632,16.940674
00147.jpg,0.79198974,725.652416,711.933376,13.719076
00148.jpg,0.76428914,722.685888,709.012672,13.673218
00149.jpg,0.7669837,724.863552,712.356992,12.506551
00150.jpg,0.77877,710.961536,696.553856,14.407714
00151.jpg,0.77815807,722.804416,708.869952,13.934448
00152.jpg,0.64159834,721.08768,708.216704,12.871012
00153.jpg,0.7733203,704.326272,690.270656,14.055623
00154.jpg,0.69948727,724.23104,710.730624,13.500447
00155.jpg,0.6941674,698.313344,686.761728,11.551595
00156.jpg,0.78204125,716.73248,702.412544,14.319946
00157.jpg,0.75639236,718.528512,706.093248,12.435262
00158.jpg,0.7950779,720.884992,707.007424,13.877523
00159.jpg,0.7150574,715.443328,702.80992,12.633422
00160.jpg,0.7813227,723.441664,709.793344,13.648315
00161.jpg,0.7483763,722.051904,706.879872,15.172038
00162.jpg,0.7292368,722.750272,709.252544,13.497762
00163.jpg,0.78877383,728.159616,707.5952,20.564412
00164.jpg,0.69415414,712.62784,700.483328,12.14449
00165.jpg,0.75960255,721.593408,708.538944,13.054484
00166.jpg,0.77639824,727.64832,718.766656,8.881673
00167.jpg,0.7915793,722.955712,708.971904,13.983846
00168.jpg,0.7693263,715.670464,701.183296,14.487182
00169.jpg,0.7818632,737.714176,717.453504,20.26066
00170.jpg,0.72581,705.864064,692.945344,12.918701
00171.jpg,0.76588035,703.753856,690.081792,13.672038
00172.jpg,0.76169336,702.031552,688.785088,13.24646
00173.jpg,0.7739641,705.631168,692.37248,13.258708
00174.jpg,0.77554107,705.039552,692.357888,12.681681
00175.jpg,0.6126456,721.380928,709.626432,11.754516
00176.jpg,0.7137977,718.327936,705.507584,12.820353
00177.jpg,0.7828388,704.963328,690.704832,14.258463
00178.jpg,0.77553725,724.784384,708.68736,16.097005
00179.jpg,0.7868576,710.858944,695.076096,15.782878
00180.jpg,0.77379775,711.79584,698.440256,13.355591
00181.jpg,0.8006253,713.901184,699.96864,13.932536
00182.jpg,0.77515835,722.378112,709.216768,13.161295
00183.jpg,0.75694346,710.500544,697.610816,12.889689
00184.jpg,0.75213253,720.168704,702.799808,17.368896
00185.jpg,0.7545984,713.36256,698.41792,14.944662
00186.jpg,0.7830698,715.202176,700.150016,15.052165
00187.jpg,0.78174067,700.01088,684.330176,15.680705
00188.jpg,0.7811887,731.150528,717.588992,13.561523
00189.jpg,0.7904098,719.407232,706.870144,12.537109
00190.jpg,0.7749969,716.502592,701.71328,14.789307
00191.jpg,0.7721007,703.488256,689.976384,13.511923
00192.jpg,0.7702131,721.027968,699.854976,21.173014
00193.jpg,0.78323215,727.413632,714.902272,12.511353
00194.jpg,0.72542274,725.442816,707.674048,17.768716
00195.jpg,0.7864091,722.156864,709.836288,12.320557
00196.jpg,0.5770329,701.271424,690.347008,10.924439
00197.jpg,0.7497289,712.346688,698.269056,14.077596
00198.jpg,0.77785766,723.63456,705.585344,18.049236
00199.jpg,0.7842366,700.728384,687.497344,13.231038
00200.jpg,0.7851121,716.122944,702.019776,14.10315
00201.jpg,0.7226889,716.496256,702.493312,14.002971
00202.jpg,0.75859463,710.466688,693.271296,17.195434
00203.jpg,0.7444432,720.461696,704.989312,15.472412
00204.jpg,0.716885,704.417984,690.405312,14.012655
00205.jpg,0.76579815,726.66016,714.149184,12.510986
00206.jpg,0.6456916,757.291776,741.058176,16.233643
00207.jpg,0.80209976,765.446592,751.945984,13.50057
00208.jpg,0.7639172,760.104832,746.377216,13.727661
00209.jpg,0.78465575,740.534784,726.65472,13.880045
00210.jpg,0.7600213,764.238272,749.359744,14.87854
00211.jpg,0.78134274,752.37888,736.814784,15.564087
00212.jpg,0.7450131,753.04,738.452352,14.587647
00213.jpg,0.7840364,754.037056,737.175104,16.861898
00214.jpg,0.6518866,754.063808,740.45632,13.607503
00215.jpg,0.7911527,735.944448,722.18816,13.756266
00216.jpg,0.740751,740.63296,725.83136,14.801595
00217.jpg,0.6366801,769.738048,756.795584,12.942505
00218.jpg,0.6371041,754.792512,739.336768,15.455688
00219.jpg,0.7888977,760.734592,745.87136,14.8632
00220.jpg,0.73978806,758.530176,742.258368,16.27181
00221.jpg,0.7819858,754.958528,739.524224,15.434327
00222.jpg,0.7670191,749.405888,735.27456,14.131348
00223.jpg,0.76816267,750.043904,735.92544,14.118449
00224.jpg,0.70918155,784.717952,768.184576,16.533406
00225.jpg,0.79149485,779.229248,760.759232,18.470012
00226.jpg,0.68233204,782.34368,764.029888,18.313844
00227.jpg,0.7342847,779.874816,764.375168,15.499634
00228.jpg,0.7689183,791.524608,771.804736,19.719888
00229.jpg,0.65160954,776.32096,761.314688,15.006307
00230.jpg,0.76860964,776.246464,756.796928,19.449504
00231.jpg,0.7714726,774.655552,759.194688,15.460856
00232.jpg,0.7598261,794.421568,779.048512,15.373047
00233.jpg,0.77943105,795.52032,777.031872,18.488444
00234.jpg,0.6860003,793.0768,778.272704,14.804077
00235.jpg,0.7656261,782.025216,764.686592,17.338624
00236.jpg,0.778156,789.461568,771.654592,17.807006
00237.jpg,0.77903724,793.077568,771.183424,21.894164
00238.jpg,0.80233634,783.626176,766.254912,17.371256
00239.jpg,0.72808695,788.08384,770.895424,17.188436
00240.jpg,0.78428113,800.570048,782.822208,17.747844
00241.jpg,0.76926565,792.209664,774.967168,17.242472
00242.jpg,0.72944796,838.458304,819.71104,18.747274
00243.jpg,0.6752654,821.157312,804.342144,16.815144
00244.jpg,0.69640434,838.576192,820.281216,18.294964
00245.jpg,0.71344775,822.495104,806.37984,16.115235
00246.jpg,0.7473066,837.105024,814.370048,22.734944
00247.jpg,0.72790575,823.731904,804.781632,18.950316
00248.jpg,0.77041125,831.324736,812.363008,18.961668
00249.jpg,0.7650014,816.52416,798.185344,18.338826
00250.jpg,0.73125434,845.570624,827.805312,17.76534
00251.jpg,0.73998743,835.014144,815.087168,19.927002
00252.jpg,0.75449926,835.8384,814.900992,20.93746
00253.jpg,0.7722124,845.983808,825.040768,20.943034
00254.jpg,0.7569646,847.54688,826.047552,21.499348
00255.jpg,0.7452948,842.731712,820.360448,22.371256
00256.jpg,0.7543398,855.841344,838.037248,17.804078
00257.jpg,0.7797805,840.49856,817.957504,22.541096
00258.jpg,0.7432717,825.846848,804.786688,21.06014
00259.jpg,0.7779251,839.152064,823.535552,15.616496
00260.jpg,0.7419947,813.261184,790.24128,23.019898
00261.jpg,0.77905524,816.531136,794.898304,21.632812
00262.jpg,0.7694477,806.460544,785.656448,20.804118
00263.jpg,0.7789476,848.605184,828.001152,20.604044
00264.jpg,0.7837441,822.378496,799.089088,23.289388
00265.jpg,0.7861956,807.239168,788.1712,19.067952
00266.jpg,0.66212595,806.561152,787.123968,19.437176
00267.jpg,0.7457572,832.881024,810.704576,22.176432
00268.jpg,0.7861467,825.317248,806.2512,19.06604
00269.jpg,0.64372754,853.970624,837.74592,16.224691
00270.jpg,0.78073364,855.638592,838.653248,16.985352
00271.jpg,0.76358783,821.323712,798.997504,22.326212
00272.jpg,0.7589752,828.255872,800.011904,28.243936
00273.jpg,0.7762425,814.495552,794.65728,19.838256
00274.jpg,0.78669286,821.818624,802.558208,19.260416
00275.jpg,0.790223,807.082048,789.000704,18.08134
00276.jpg,0.7220303,827.169024,808.437632,18.731364
00277.jpg,0.7732562,808.830336,787.590912,21.23946
00278.jpg,0.7226358,808.140352,787.114688,21.025716
00279.jpg,0.7282723,814.45088,799.299008,15.151896
00280.jpg,0.75863725,846.253696,822.199808,24.053874
00281.jpg,0.68769693,839.44224,823.340032,16.102173
00282.jpg,0.77765954,811.96448,792.425728,19.538778
00283.jpg,0.718558,808.492288,791.158912,17.333332
00284.jpg,0.74776876,814.219264,790.833664,23.38558
00285.jpg,0.73790437,852.951488,834.81376,18.137736
00286.jpg,0.7728571,804.14496,785.50304,18.641968
00287.jpg,0.7665045,817.838208,798.229184,19.609008
00288.jpg,0.708962,815.892224,798.439936,17.452312
00289.jpg,0.78649324,822.1552,802.926784,19.228392
00290.jpg,0.73377633,850.059584,831.235008,18.824544
00291.jpg,0.77506477,822.542464,805.003904,17.538532
00292.jpg,0.7850363,795.110848,777.8176,17.293254
00293.jpg,0.766991,779.080128,760.716032,18.364096
00294.jpg,0.723938,784.975616,768.50368,16.471883
00295.jpg,0.7946483,799.03456,778.824896,20.209716
00296.jpg,0.7946236,785.062016,765.788032,19.274008
00297.jpg,0.76351523,783.099008,765.85184,17.247192
00298.jpg,0.7298504,781.034688,763.949888,17.084798
00299.jpg,0.777641,786.485568,769.626688,16.858888
00300.jpg,0.69927156,784.310016,763.148928,21.161092
00301.jpg,0.751065,795.219968,777.152384,18.067586
00302.jpg,0.78267086,823.478656,802.27424,21.204428
00303.jpg,0.7803881,804.53664,792.345728,12.190918
00304.jpg,0.78638697,810.799808,790.804352,19.995484
00305.jpg,0.7539109,814.263808,794.878848,19.384968
00306.jpg,0.77505463,807.996352,788.825984,19.170368
00307.jpg,0.77890414,801.136,784.757376,16.378662
00308.jpg,0.78386337,814.256128,792.492864,21.763264
00309.jpg,0.78620696,810.633152,793.326144,17.307008
00310.jpg,0.74420667,848.688832,828.321344,20.367472
00311.jpg,0.7789909,815.841536,796.835264,19.006266
00312.jpg,0.77626276,815.52352,798.283712,17.239788
00313.jpg,0.78157467,818.111872,797.831872,20.279988
00314.jpg,0.775283,799.75584,782.054656,17.701212
00315.jpg,0.78178126,812.965888,792.073216,20.892618
00316.jpg,0.7730367,818.445824,797.570304,20.87557
00317.jpg,0.78798836,813.681792,795.141184,18.540608
00318.jpg,0.71084094,838.30656,816.961088,21.34546
00319.jpg,0.768449,797.033472,779.246976,17.7865
00320.jpg,0.77875143,798.91008,779.844672,19.065388
00321.jpg,0.8038608,791.952256,773.962112,17.990112
00322.jpg,0.7828322,784.868032,767.657472,17.21053
00323.jpg,0.78852177,796.14976,778.367936,17.78178
00324.jpg,0.706856,789.031552,770.323136,18.708456
00325.jpg,0.7418618,792.396544,773.932608,18.463908
00326.jpg,0.68194216,804.695424,788.973184,15.722209
00327.jpg,0.7531092,801.636416,785.861504,15.774943
00328.jpg,0.7302034,814.941056,796.240896,18.700114
00329.jpg,0.7527654,819.358592,795.264256,24.09432
00330.jpg,0.78009903,812.16096,791.452928,20.708008
00331.jpg,0.7979083,806.173952,785.506176,20.667806
00332.jpg,0.77350396,811.523584,786.91424,24.609334
00333.jpg,0.77240384,814.907968,795.678144,19.229818
00334.jpg,0.7774141,830.104384,806.209088,23.895344
00335.jpg,0.7857029,813.321024,793.233344,20.087688
00336.jpg,0.74939084,819.240384,795.795072,23.445352
00337.jpg,0.782398,819.813888,795.825536,23.98832
00338.jpg,0.69435024,806.105216,789.830016,16.275187
00339.jpg,0.79113245,815.956032,795.600128,20.355956
00340.jpg,0.78874344,813.548672,788.546304,25.00236
00341.jpg,0.75400984,820.26272,801.671744,18.590942
00342.jpg,0.74739176,823.729024,803.485888,20.243124
00343.jpg,0.69690543,820.961728,803.808832,17.152872
00344.jpg,0.69298357,816.14112,791.29088,24.85022
00345.jpg,0.78290194,821.468928,795.519232,25.949708
00346.jpg,0.7821888,815.946688,793.273856,22.672852
00347.jpg,0.79406077,809.156096,789.189312,19.966796
00348.jpg,0.77894926,808.330304,791.335232,16.995116
00349.jpg,0.7764615,826.02912,807.220672,18.808432
00350.jpg,0.70997643,827.54368,800.477568,27.06612
00351.jpg,0.76039726,817.712896,796.713472,20.99943
00352.jpg,0.7805553,817.56704,797.192192,20.374836
00353.jpg,0.7277759,806.547584,787.082752,19.464844
00354.jpg,0.75094366,819.869184,797.99072,21.87846
00355.jpg,0.7014753,802.898368,784.063616,18.834798
00356.jpg,0.78563935,798.916416,780.11168,18.804728
00357.jpg,0.6307758,838.915712,820.677504,18.2382
00358.jpg,0.68518096,818.307904,799.111616,19.196288
00359.jpg,0.78981847,814.774592,795.632896,19.141684
00360.jpg,0.6810505,813.019328,794.99232,18.02702
00361.jpg,0.7879795,809.676544,790.224768,19.451782
00362.jpg,0.7617228,818.025088,796.787584,21.237548
00363.jpg,0.74580544,822.83648,795.704256,27.132244
00364.jpg,0.77670145,807.455232,785.662208,21.79301
00365.jpg,0.7773878,826.131456,803.120896,23.01058
00366.jpg,0.76376414,829.300672,806.342656,22.958008
00367.jpg,0.7572744,818.02304,789.288896,28.734172
00368.jpg,0.74399585,808.3168,784.88416,23.432616
00369.jpg,0.6076663,814.79648,796.449856,18.34664
00370.jpg,0.7730601,817.52032,792.729216,24.791096
00371.jpg,0.7844685,814.904768,785.304384,29.600384
00372.jpg,0.78759754,818.583744,798.022656,20.561076
00373.jpg,0.66200894,822.220864,802.950016,19.270874
00374.jpg,0.75744987,812.90656,796.009856,16.896728
00375.jpg,0.73297524,803.048768,785.681984,17.36678
00376.jpg,0.797966,805.022976,787.361344,17.66162
00377.jpg,0.7862837,793.149824,773.24832,19.901488
00378.jpg,0.7072029,810.00672,790.232128,19.774616
00379.jpg,0.721287,853.066176,830.280512,22.785644
00380.jpg,0.78401697,813.559616,790.675392,22.884236
00381.jpg,0.7619078,806.632192,786.677056,19.95512
00382.jpg,0.7724709,818.595008,796.970176,21.624836
00383.jpg,0.79583937,825.08096,802.89792,22.183024
00384.jpg,0.7615661,799.07872,782.817216,16.261515
00385.jpg,0.7227014,808.38304,789.489856,18.893148
00386.jpg,0.776532,812.904832,789.555392,23.349446
00387.jpg,0.7554052,826.359232,806.472512,19.88676
00388.jpg,0.64967036,843.380416,823.189248,20.191162
00389.jpg,0.6998767,828.74944,807.044352,21.70512
00390.jpg,0.77977335,832.808384,813.806144,19.002238
00391.jpg,0.76088154,818.409216,799.247296,19.161906
00392.jpg,0.7390436,828.898816,810.094464,18.804362
00393.jpg,0.66576326,840.653888,817.547392,23.106486
00394.jpg,0.72692215,834.648832,807.4656,27.183228
00395.jpg,0.7596283,830.685184,809.721536,20.963624
00396.jpg,0.764685,835.407232,815.038272,20.368978
00397.jpg,0.70541835,807.699136,789.752256,17.94686
00398.jpg,0.7083472,806.944512,787.473472,19.471028
00399.jpg,0.80299604,818.5296,799.198144,19.33146
00400.jpg,0.7894656,805.285568,787.28448,18.0011
00401.jpg,0.7869809,823.646336,799.208192,24.438152
00402.jpg,0.7613771,816.891584,791.76288,25.128704
00403.jpg,0.7970291,822.185856,803.678784,18.50708
00404.jpg,0.7874959,832.273984,813.417472,18.856486
00405.jpg,0.7075931,861.338944,837.640384,23.698568
00406.jpg,0.7519672,859.687616,835.42048,24.267172
00407.jpg,0.78894144,853.595328,829.35872,24.236572
00408.jpg,0.73113275,907.623488,884.915264,22.708252
00409.jpg,0.76132786,852.758976,830.993856,21.765096
00410.jpg,0.7752471,898.607936,871.31456,27.293416
00411.jpg,0.7895194,917.730944,892.570816,25.160116
00412.jpg,0.7892935,872.094272,848.76256,23.331704
00413.jpg,0.79742306,801.280064,778.869056,22.411012
00414.jpg,0.6702526,814.961728,794.705536,20.256184
00415.jpg,0.72229874,803.446784,783.836416,19.610392
00416.jpg,0.7413089,813.704576,791.759872,21.94466
00417.jpg,0.78257823,816.486912,794.048768,22.438112
00418.jpg,0.7727709,816.733568,794.916736,21.816854
00419.jpg,0.71552217,823.312,803.946624,19.365356
00420.jpg,0.7993118,827.327872,804.985664,22.342204
00421.jpg,0.70599395,837.136576,817.961152,19.175416
00422.jpg,0.7401652,855.740096,834.498752,21.241332
00423.jpg,0.77504444,863.370176,838.491904,24.878256
00424.jpg,0.661743,863.214912,840.406912,22.807984
00425.jpg,0.7834308,864.5696,841.057856,23.511718
00426.jpg,0.78779143,865.635968,841.041856,24.594076
00427.jpg,0.7847093,869.909888,846.689472,23.220418
00428.jpg,0.6799116,885.348032,862.763968,22.584064
00429.jpg,0.78900766,837.512768,814.350784,23.161988
00430.jpg,0.79146534,818.403392,799.342912,19.060464
00431.jpg,0.7509974,816.177856,800.020352,16.157512
00432.jpg,0.76770175,841.191168,815.856832,25.33431
00433.jpg,0.7375616,823.20352,794.780992,28.422484
00434.jpg,0.7250478,840.517632,819.772736,20.744914
00435.jpg,0.76619816,829.7728,806.927936,22.844848
00436.jpg,0.7840996,822.231744,801.368576,20.8632
00437.jpg,0.79610854,818.960512,797.137664,21.822836
00438.jpg,0.77758366,841.67264,819.147648,22.525024
00439.jpg,0.78071713,851.169984,827.482944,23.687052
00440.jpg,0.79018134,848.279104,819.270336,29.008748
00441.jpg,0.78868455,853.021184,830.353984,22.667196
00442.jpg,0.7576038,850.858432,824.234304,26.624144
00443.jpg,0.766278,858.182656,831.003968,27.17867
00444.jpg,0.7391076,840.396096,814.749376,25.646768
00445.jpg,0.7815295,850.467584,821.299648,29.167968
00446.jpg,0.70986193,849.588672,827.293312,22.295328
00447.jpg,0.8003856,864.033344,839.262912,24.770384
00448.jpg,0.6289614,888.184384,862.591104,25.59326
00449.jpg,0.7241527,871.030464,841.406912,29.623494
00450.jpg,0.67775387,906.067456,882.381632,23.685832
00451.jpg,0.68788034,877.244416,846.144832,31.099568
00452.jpg,0.76063526,870.745088,844.634496,26.110556
00453.jpg,0.80414855,889.447488,871.072,18.375488
00454.jpg,0.78190565,891.96128,870.8224,21.138876
00455.jpg,0.7779132,820.582784,802.948032,17.634724
00456.jpg,0.7685581,858.507904,836.900096,21.607868
00457.jpg,0.698402,879.30304,859.82336,19.479696
00458.jpg,0.79275006,835.78432,812.936256,22.848064
00459.jpg,0.7400886,842.120832,806.889984,35.230836
00460.jpg,0.7060842,853.358528,831.803456,21.555054
00461.jpg,0.7532551,828.425664,806.499648,21.925984
00462.jpg,0.7564702,830.153088,807.512512,22.640624
00463.jpg,0.7794017,842.778304,819.3456,23.432658
00464.jpg,0.7814392,850.744896,823.961152,26.783732
00465.jpg,0.79171216,844.452672,823.094144,21.35852
00466.jpg,0.7105085,865.511808,843.862336,21.649496
00467.jpg,0.7637716,853.672832,829.683136,23.989704
00468.jpg,0.7800493,849.681344,823.54176,26.139568
00469.jpg,0.7524789,844.009792,818.801408,25.208374
00470.jpg,0.77061886,851.65696,827.3056,24.35136
00471.jpg,0.797426,825.820864,805.313088,20.507772
00472.jpg,0.76401097,841.3712,816.526464,24.844726
00473.jpg,0.7615852,832.497344,812.999744,19.4976
00474.jpg,0.7703245,833.562816,809.57632,23.986532
00475.jpg,0.771023,880.587904,857.811456,22.776488
00476.jpg,0.75253874,833.214336,812.71904,20.49532
00477.jpg,0.5563349,829.225728,810.6432,18.58252
00478.jpg,0.7551339,828.192768,803.660992,24.53178
00479.jpg,0.7742165,855.68288,832.312128,23.370768
00480.jpg,0.7673032,875.92128,844.752576,31.16866
00481.jpg,0.6765971,876.34016,850.149184,26.191
00482.jpg,0.7457426,907.491456,886.043584,21.447876
00483.jpg,0.77347267,868.438528,849.192192,19.246338
00484.jpg,0.6897071,874.928576,854.475328,20.453248
00485.jpg,0.7575,905.474176,879.209152,26.265014
00486.jpg,0.71339124,860.68352,838.686144,21.997356
00487.jpg,0.7835157,863.854208,837.997504,25.85669
00488.jpg,0.737806,862.383936,838.851328,23.532552
00489.jpg,0.7603723,878.15392,853.82688,24.327068
00490.jpg,0.75523335,866.463232,835.286336,31.17692
00491.jpg,0.7638076,855.400128,832.782528,22.617552
00492.jpg,0.67659545,852.595328,831.372096,21.223226
00493.jpg,0.7317754,863.683904,834.59264,29.091308
00494.jpg,0.6542845,852.657856,832.61024,20.047568
00495.jpg,0.7571704,832.315136,810.153088,22.162028
00496.jpg,0.7897806,830.630336,804.795136,25.835164
00497.jpg,0.7765421,837.285632,814.179904,23.105672
00498.jpg,0.772546,822.060864,799.327296,22.733602
00499.jpg,0.73034286,832.168192,810.837056,21.331136
00500.jpg,0.78622407,827.842176,807.210624,20.631512
00501.jpg,0.7812737,866.408768,842.50848,23.900268
00502.jpg,0.7827783,883.060864,856.491584,26.569296
00503.jpg,0.76656413,840.928576,821.069312,19.859292
00504.jpg,0.77696675,864.133184,832.952,31.181192
00505.jpg,0.77467847,846.533632,823.43424,23.099364
00506.jpg,0.7219242,842.440064,822.492096,19.947998
00507.jpg,0.6599658,843.852416,820.59328,23.259114
00508.jpg,0.6467195,848.823104,827.954048,20.86906
00509.jpg,0.69068056,851.98048,825.448064,26.532472
00510.jpg,0.77041864,844.940992,821.422848,23.518148
00511.jpg,0.7769876,849.31904,826.858304,22.460734
00512.jpg,0.76314604,875.823104,853.177408,22.645672
00513.jpg,0.7794405,865.333056,843.996992,21.33606
00514.jpg,0.76564544,888.581312,866.6048,21.976522
00515.jpg,0.78450483,859.907456,839.949248,19.95817
00516.jpg,0.7747952,860.621824,839.004096,21.617716
00517.jpg,0.72249323,877.372416,857.32064,20.051798
00518.jpg,0.6953139,849.809216,829.69728,20.11194
00519.jpg,0.6394657,922.040064,897.976832,24.063192
00520.jpg,0.761122,885.909376,861.037248,24.872112
00521.jpg,0.7771085,892.244928,866.027648,26.217286
00522.jpg,0.74224067,880.54816,856.753984,23.79419
00523.jpg,0.78012764,855.63616,832.421632,23.21456
00524.jpg,0.7786257,853.600512,830.474432,23.126098
00525.jpg,0.7248165,863.115072,838.379392,24.735676
00526.jpg,0.7474266,865.668544,839.953728,25.714804
00527.jpg,0.77966106,861.8192,840.744064,21.075156
00528.jpg,0.7757189,873.974528,850.051648,23.922892
00529.jpg,0.7958448,870.044544,844.871232,25.1733
00530.jpg,0.7778144,866.970112,843.251648,23.718424
00531.jpg,0.78370357,878.265664,853.689152,24.576538
00532.jpg,0.7878831,869.717888,841.86368,27.854248
00533.jpg,0.74222976,850.174144,825.460864,24.713298
00534.jpg,0.69458354,870.777792,839.631808,31.145996
00535.jpg,0.77655816,863.369472,839.747136,23.622316
00536.jpg,0.7816244,837.624448,815.539008,22.085408
00537.jpg,0.7581754,825.01088,803.457728,21.553182
00538.jpg,0.7883036,821.333888,799.152576,22.181356
00539.jpg,0.7925088,819.129024,798.753024,20.376016
00540.jpg,0.7777999,885.601472,861.978816,23.6226
00541.jpg,0.7644416,841.781632,820.986432,20.795208
00542.jpg,0.7799647,817.669056,796.649984,21.019044
00543.jpg,0.7380443,841.864704,819.171648,22.693074
00544.jpg,0.7584913,854.990336,833.053376,21.936972
00545.jpg,0.7668607,868.237824,837.311616,30.926228
00546.jpg,0.7169249,890.307328,865.464704,24.842612
00547.jpg,0.7705305,898.98112,875.014144,23.967
00548.jpg,0.7808719,862.324608,836.689664,25.634928
00549.jpg,0.76969695,865.01056,833.26624,31.744304
00550.jpg,0.7863717,858.599744,836.687872,21.911864
00551.jpg,0.77716696,878.429056,853.754112,24.674928
00552.jpg,0.79096174,877.230272,850.459456,26.770792
00553.jpg,0.78315043,859.1072,834.46144,24.645712
00554.jpg,0.7110367,878.371072,855.277184,23.093872
00555.jpg,0.7721002,853.057536,834.33888,18.718628
00556.jpg,0.7128936,858.45472,833.916288,24.538452
00557.jpg,0.78596437,878.835904,855.899456,22.936442
00558.jpg,0.7004468,879.342144,858.233792,21.108318
00559.jpg,0.7099621,919.954944,894.019456,25.935464
00560.jpg,0.77274436,850.560192,830.985856,19.57438
00561.jpg,0.71208555,862.908736,837.754688,25.154052
00562.jpg,0.7835011,882.767808,859.17312,23.594686
00563.jpg,0.73561025,850.339776,831.673728,18.666096
00564.jpg,0.7391553,870.85312,843.461696,27.39144
00565.jpg,0.78819615,864.250752,839.49376,24.756958
00566.jpg,0.72832894,872.80576,851.941952,20.86381
00567.jpg,0.7440068,881.819712,852.260864,29.558838
00568.jpg,0.78343236,866.633728,842.789632,23.844076
00569.jpg,0.7832055,856.851392,832.356224,24.495158
00570.jpg,0.77584064,859.807552,835.297088,24.510498
00571.jpg,0.7638929,860.742848,834.717824,26.024984
00572.jpg,0.79071355,858.180736,834.363392,23.817342
00573.jpg,0.7664947,859.23392,833.51008,25.723876
00574.jpg,0.753407,879.507008,856.531072,22.975952
00575.jpg,0.7084452,873.017088,848.411264,24.605794
00576.jpg,0.60429686,850.42528,828.168,22.257284
00577.jpg,0.7242288,860.785408,836.697856,24.087564
00578.jpg,0.7718897,857.239936,833.366272,23.873656
00579.jpg,0.72250175,901.458752,879.077376,22.381348
00580.jpg,0.76687926,865.627456,840.824768,24.802694
00581.jpg,0.7948356,864.1104,840.391232,23.719156
00582.jpg,0.7964736,876.41024,853.778496,22.631714
00583.jpg,0.71845245,871.144384,848.272448,22.871908
00584.jpg,0.7086227,859.146752,837.141504,22.005208
00585.jpg,0.77503395,861.904448,837.676608,24.227824
00586.jpg,0.7331587,870.860736,843.794048,27.066732
00587.jpg,0.7666127,858.24416,837.034048,21.210164
00588.jpg,0.7623927,863.179968,837.68544,25.494506
00589.jpg,0.77976245,865.039296,840.967872,24.071412
00590.jpg,0.7899099,873.510208,848.124736,25.385498
00591.jpg,0.7757116,904.821632,882.341888,22.479736
00592.jpg,0.77567506,870.515136,846.766464,23.748656
00593.jpg,0.7548568,883.99968,860.721792,23.277912
00594.jpg,0.73004293,885.271552,861.91328,23.358316
00595.jpg,0.7780621,891.046336,867.5968,23.449504
00596.jpg,0.69098824,887.611136,868.528,19.083172
00597.jpg,0.7669886,892.065344,866.837696,25.22766
00598.jpg,0.7490299,909.848576,886.377536,23.471028
00599.jpg,0.7218215,884.86304,860.833728,24.029338
00600.jpg,0.7208985,879.837504,859.402368,20.43518
00601.jpg,0.7633168,867.223424,842.524928,24.698528
00602.jpg,0.7837921,867.396352,842.608704,24.787638
00603.jpg,0.7840734,864.751168,838.973376,25.77775
00604.jpg,0.679575,870.812672,842.225088,28.587648
00605.jpg,0.78011334,886.740096,853.947072,32.793008
00606.jpg,0.77200377,893.279936,868.153536,25.126344
00607.jpg,0.7765291,875.901184,844.177472,31.723714
00608.jpg,0.7480881,880.939072,856.525248,24.41382
00609.jpg,0.71057755,899.959488,876.93344,23.026042
00610.jpg,0.7757107,884.492416,861.484224,23.008138
00611.jpg,0.7517704,902.415872,876.768384,25.647502
00612.jpg,0.71005815,893.796608,869.709696,24.086914
00613.jpg,0.683121,919.184192,890.954752,28.229412
00614.jpg,0.71484923,905.507712,873.246016,32.26172
00615.jpg,0.7856409,887.995264,862.994816,25.000448
00616.jpg,0.73288995,885.28768,858.665344,26.622356
00617.jpg,0.779656,868.807488,844.360832,24.446656
00618.jpg,0.7855656,873.469056,846.423232,27.045816
00619.jpg,0.79673123,861.895232,839.423936,22.471314
00620.jpg,0.78876203,868.51072,841.338368,27.172364
00621.jpg,0.75669503,882.314624,857.719936,24.594686
00622.jpg,0.6329154,853.411328,833.27424,20.137044
00623.jpg,0.6247763,851.314432,829.198272,22.116172
00624.jpg,0.66236806,870.84992,850.32416,20.525756
00625.jpg,0.78956723,880.980544,860.144512,20.83606
00626.jpg,0.78785104,903.661184,880.564352,23.096802
00627.jpg,0.6872217,903.248448,872.93984,30.308594
00628.jpg,0.73554474,888.432128,863.332096,25.100056
00629.jpg,0.776798,904.129088,879.235136,24.893962
00630.jpg,0.79536784,885.201664,862.087552,23.114136
00631.jpg,0.74877536,882.44224,861.074688,21.367554
00632.jpg,0.807233,903.650496,875.081024,28.569458
00633.jpg,0.7515466,866.64672,847.095296,19.551432
00634.jpg,0.8050747,867.54656,843.008576,24.538044
00635.jpg,0.79092354,870.691584,838.17088,32.520712
00636.jpg,0.77170664,863.055232,841.92768,21.127604
00637.jpg,0.7810332,882.73184,862.579584,20.152264
00638.jpg,0.7869375,863.907072,838.247936,25.65914
00639.jpg,0.7649726,868.03296,838.293504,29.73946
00640.jpg,0.77229905,865.272896,842.16992,23.102988
00641.jpg,0.78613985,873.801024,850.288256,23.512776
00642.jpg,0.7531016,878.691584,851.657152,27.034424
00643.jpg,0.76569325,871.114112,849.500992,21.613118
00644.jpg,0.7917799,879.733376,855.933568,23.799804
00645.jpg,0.7813947,882.860032,850.21696,32.643066
00646.jpg,0.7826643,863.964288,840.310784,23.653484
00647.jpg,0.73224175,867.697536,843.689088,24.008424
00648.jpg,0.7598305,859.676608,836.612544,23.064088
00649.jpg,0.77362776,874.762112,848.609472,26.152588
00650.jpg,0.79364073,868.575104,846.03648,22.538616
00651.jpg,0.79074216,878.052288,851.472384,26.579916
00652.jpg,0.77570266,889.333184,862.163008,27.170166
00653.jpg,0.7755244,870.31264,845.163712,25.148926
00654.jpg,0.73927,861.870336,838.369984,23.500408
00655.jpg,0.7447489,860.63296,835.781184,24.851806
00656.jpg,0.67908376,875.635008,855.202688,20.432292
00657.jpg,0.7877704,866.219392,843.356672,22.862672
00658.jpg,0.7503655,874.52544,847.153664,27.371744
00659.jpg,0.78159165,874.607424,846.617408,27.990032
00660.jpg,0.7502824,922.436544,891.311552,31.125
00661.jpg,0.7253737,870.635392,844.86016,25.775228
00662.jpg,0.78580636,872.72416,842.080064,30.644084
00663.jpg,0.76737386,878.621696,847.304256,31.317384
00664.jpg,0.78531295,909.440064,884.945088,24.494954
00665.jpg,0.7972572,960.986944,935.451776,25.535156
00666.jpg,0.78022987,973.49216,938.918336,34.573852
00667.jpg,0.7505754,953.126656,935.121536,18.005086
00668.jpg,0.7820634,971.58368,954.365952,17.217774
00669.jpg,0.75644463,970.722496,942.536192,28.18628
00670.jpg,0.7367238,965.706432,941.76832,23.938112
00671.jpg,0.70127213,935.61472,912.10496,23.509764
00672.jpg,0.77129525,862.609344,839.251136,23.358196
00673.jpg,0.7810723,872.455104,850.041536,22.413574
00674.jpg,0.64861405,858.374144,839.722752,18.651368
00675.jpg,0.7061722,866.776832,844.356672,22.420208
00676.jpg,0.7642839,898.32704,872.302912,26.024088
00677.jpg,0.74537545,865.208064,842.273856,22.934204
00678.jpg,0.76587224,878.712384,854.161728,24.55066
00679.jpg,0.75551033,903.414336,873.469056,29.945272
00680.jpg,0.7906916,961.428288,937.521536,23.90678
00681.jpg,0.7220398,962.860032,939.756544,23.103476
00682.jpg,0.77732533,958.241472,939.264064,18.977416
00683.jpg,0.7569787,975.908032,952.836672,23.07137
00684.jpg,0.7848421,973.409216,948.271488,25.137736
00685.jpg,0.7679818,961.19168,939.74464,21.44698
00686.jpg,0.7791816,950.846848,928.708416,22.138428
00687.jpg,0.6244865,879.412544,853.1264,26.286092
00688.jpg,0.7983832,877.212864,853.834176,23.378704
00689.jpg,0.648036,876.05728,847.204864,28.852416
00690.jpg,0.6669713,871.020928,849.490496,21.530436
00691.jpg,0.7712907,881.506752,857.931328,23.57544
00692.jpg,0.7183195,877.608384,855.80288,21.8055
00693.jpg,0.77744466,867.809152,846.432896,21.37622
00694.jpg,0.7036777,873.408384,850.930816,22.47758
00695.jpg,0.7762543,959.90976,933.99104,25.918742
00696.jpg,0.6901877,958.112768,934.657472,23.455282
00697.jpg,0.6282901,971.85312,951.102656,20.750488
00698.jpg,0.6739129,962.138112,926.704768,35.433392
00699.jpg,0.7942531,979.976768,955.911424,24.065348
00700.jpg,0.7012554,949.502144,923.81216,25.689982
00701.jpg,0.79121614,970.094464,945.289344,24.805136
00702.jpg,0.73699385,907.555072,886.191808,21.36324
00703.jpg,0.7286027,872.618496,850.35168,22.266804
00704.jpg,0.7812142,874.03616,847.768768,26.267334
00705.jpg,0.8021936,870.446784,847.259584,23.187174
00706.jpg,0.77039903,865.49184,842.4448,23.04708
00707.jpg,0.7801499,882.69728,859.780288,22.917032
00708.jpg,0.7546773,872.7456,841.246848,31.49874
00709.jpg,0.71454436,864.647232,841.990912,22.656372
00710.jpg,0.77626497,941.62208,912.722432,28.89966
00711.jpg,0.7014129,961.838976,930.169408,31.669556
00712.jpg,0.5460782,943.96096,924.328704,19.632244
00713.jpg,0.7672202,962.515136,938.22112,24.294028
00714.jpg,0.7965907,971.296064,945.750912,25.545166
00715.jpg,0.72464347,973.799168,949.87936,23.9198
00716.jpg,0.7290786,951.313344,925.76576,25.547608
00717.jpg,0.7807734,936.002624,909.982336,26.020304
00718.jpg,0.7825129,871.330688,847.076672,24.253988
00719.jpg,0.77384454,883.280192,858.651712,24.62846
00720.jpg,0.7281728,884.444736,859.98944,24.455324
00721.jpg,0.7436756,858.72064,836.755712,21.964924
00722.jpg,0.78444666,883.78784,860.906048,22.881796
00723.jpg,0.77184963,859.865664,836.726912,23.138794
00724.jpg,0.77779436,868.971456,844.83328,24.138224
00725.jpg,0.7945977,882.014912,863.070336,18.94462
00726.jpg,0.7820309,958.900096,937.0976,21.80249
00727.jpg,0.77546316,962.575488,938.767232,23.808228
00728.jpg,0.73630494,964.418304,941.643008,22.775308
00729.jpg,0.76465446,965.34592,940.137152,25.20882
00730.jpg,0.78798205,979.93728,957.167104,22.770182
00731.jpg,0.68654054,964.727744,934.616,30.111736
00732.jpg,0.7904441,960.110976,935.252672,24.858316
00733.jpg,0.7484683,875.102592,854.14656,20.956056
00734.jpg,0.77229,869.01344,844.464192,24.549236
00735.jpg,0.7571069,878.164928,854.742272,23.422688
00736.jpg,0.7435537,883.5696,859.798208,23.771404
00737.jpg,0.7878207,865.775296,842.643776,23.131512
00738.jpg,0.7787152,878.1872,854.631872,23.55534
00739.jpg,0.6647861,862.160384,843.572928,18.587402
00740.jpg,0.74708885,893.460096,863.565888,29.894164
00741.jpg,0.7802229,958.99744,937.031296,21.966144
00742.jpg,0.7836112,961.162496,937.382272,23.780232
00743.jpg,0.76360303,953.021952,926.215936,26.80599
00744.jpg,0.6483696,959.185408,936.89632,22.289104
00745.jpg,0.7101258,951.261696,927.627456,23.634236
00746.jpg,0.7103657,981.458176,957.627776,23.830364
00747.jpg,0.7404828,955.909184,930.782336,25.126832
00748.jpg,0.7615787,882.607616,859.369536,23.238036
00749.jpg,0.7851317,869.66208,846.97504,22.687092
00750.jpg,0.7719835,865.456,844.035072,21.42094
00751.jpg,0.7679049,856.733696,836.016768,20.71696
00752.jpg,0.6311973,864.233216,841.66592,22.567342
00753.jpg,0.69733244,878.493504,854.556736,23.936768
00754.jpg,0.78584087,879.217664,850.281728,28.935994
00755.jpg,0.617837,854.399104,835.12672,19.27234
00756.jpg,0.7707951,916.015232,892.763648,23.251628
00757.jpg,0.7716145,963.363456,938.732992,24.630452
00758.jpg,0.7893477,956.434432,932.568512,23.865884
00759.jpg,0.7325545,954.884544,932.97792,21.906616
00760.jpg,0.787555,968.505344,945.337536,23.167806
00761.jpg,0.75809515,974.853568,951.91392,22.939656
00762.jpg,0.7867193,957.739136,927.737984,30.00114
00763.jpg,0.7793667,932.994944,906.805248,26.189738
00764.jpg,0.7293111,880.715776,849.27648,31.439292
00765.jpg,0.7897959,879.960064,854.618432,25.341634
00766.jpg,0.74132466,884.104832,858.761344,25.343464
00767.jpg,0.73550105,859.907776,837.034112,22.873698
00768.jpg,0.7791982,856.113024,834.778304,21.334716
00769.jpg,0.7619236,888.889216,864.459456,24.42981
00770.jpg,0.7807688,896.19808,867.270912,28.927164
00771.jpg,0.79622626,895.144832,871.356928,23.787924
00772.jpg,0.7580336,956.631744,933.132672,23.499104
00773.jpg,0.7199204,951.173504,931.11488,20.058594
00774.jpg,0.78904045,944.649024,920.058496,24.590496
00775.jpg,0.76386696,971.451456,941.773568,29.677896
00776.jpg,0.78744,964.648128,940.062848,24.585328
00777.jpg,0.7724672,993.206912,970.325376,22.88151
00778.jpg,0.78373563,964.96864,941.345792,23.622884
00779.jpg,0.71473163,872.671552,850.306624,22.36495
00780.jpg,0.74367356,867.437888,840.81216,26.625732
00781.jpg,0.72925496,870.849728,843.223232,27.626504
00782.jpg,0.7378453,869.621248,846.350528,23.270712
00783.jpg,0.7232897,861.680256,832.3872,29.29305
00784.jpg,0.7903106,866.727552,842.192448,24.535156
00785.jpg,0.79760164,873.54048,847.348928,26.191528
00786.jpg,0.7753827,869.593536,846.510208,23.083292
00787.jpg,0.7654783,1091.359616,1067.15744,24.202148
00788.jpg,0.72581106,1213.427712,1191.33824,22.089476
00789.jpg,0.74266815,1187.254784,1169.435392,17.819336
00790.jpg,0.7645469,1861.528576,1838.982016,22.546508
00791.jpg,0.7793706,29652.682752,29574.285312,78.397584
00792.jpg,0.78138924,1473.721984,1453.45536,20.266642
00793.jpg,0.67708766,1306.399744,1291.067264,15.332438
00794.jpg,0.7697877,1473.278848,1453.32608,19.952758
00795.jpg,0.771928,1265.104128,1249.161728,15.942423
00796.jpg,0.80227923,2127.186688,2113.206784,13.979939
00797.jpg,0.5995503,1256.109312,1241.123968,14.985352
00798.jpg,0.691744,1268.291968,1254.363264,13.928711
00799.jpg,0.76217794,1191.512832,1175.250048,16.262736
00800.jpg,0.7857524,1376.386048,1360.254336,16.131714
00801.jpg,0.72053504,1408.724736,1390.417408,18.307372
00802.jpg,0.7417405,1448.47232,1429.876992,18.595296
00803.jpg,0.7314656,1190.310272,1172.518144,17.792032
00804.jpg,0.6987207,1167.241216,1151.700224,15.540975
00805.jpg,0.7845738,1276.554752,1256.357632,20.19702
00806.jpg,0.76145965,1120.827264,1101.787008,19.040284
00807.jpg,0.8045068,1063.501184,1044.977408,18.523804
00808.jpg,0.78406656,1092.721408,1068.191232,24.53011
00809.jpg,0.78106195,1102.893184,1081.755392,21.137736
00810.jpg,0.74241143,1083.236736,1061.814848,21.421956
00811.jpg,0.7927387,1094.181888,1070.432832,23.748984
00812.jpg,0.781565,1149.885568,1127.21024,22.675416
00813.jpg,0.56579345,1060.23488,1046.512384,13.722493
00814.jpg,0.7803274,1141.457792,1112.880896,28.576824
00815.jpg,0.7735037,1143.811968,1118.932864,24.879108
00816.jpg,0.70098156,1181.860864,1157.056256,24.804564
00817.jpg,0.72951764,1175.791616,1153.779584,22.012044
00818.jpg,0.6414424,1100.999808,1082.817664,18.18221
00819.jpg,0.7763148,1107.597824,1082.711296,24.886516
00820.jpg,0.71743304,1255.396992,1227.134976,28.262004
00821.jpg,0.7934374,1185.528576,1162.84864,22.679892
00822.jpg,0.7621777,1215.226752,1193.298816,21.927938
00823.jpg,0.7530925,1186.4352,1166.769152,19.666056
00824.jpg,0.7770965,1159.954304,1138.46912,21.485228
00825.jpg,0.80566955,1121.105152,1099.260288,21.844808
00826.jpg,0.7049478,1105.151488,1085.185792,19.965658
00827.jpg,0.62680745,1088.80192,1066.328896,22.473022
00828.jpg,0.6903064,1112.235904,1086.912896,25.32308
00829.jpg,0.7761421,1126.612224,1096.544,30.068278
00830.jpg,0.7777105,1130.953728,1106.586624,24.367188
00831.jpg,0.7540652,1121.561728,1094.8384,26.723348
00832.jpg,0.7623112,1103.046912,1073.894144,29.152752
00833.jpg,0.77266705,1096.358784,1072.1232,24.235636
00834.jpg,0.7533585,1096.674944,1066.334784,30.340088
00835.jpg,0.7674344,1083.539712,1060.15808,23.381672
00836.jpg,0.7417026,1096.453632,1071.620736,24.832928
00837.jpg,0.6895287,1102.82048,1080.44736,22.373048
00838.jpg,0.6890737,1148.092288,1125.530624,22.561686
00839.jpg,0.78373134,988.061376,965.313088,22.74825
00840.jpg,0.7502164,990.146816,964.127104,26.019694
00841.jpg,0.7295777,996.9056,966.845888,30.059692
00842.jpg,0.79199934,1001.828928,969.560576,32.268392
00843.jpg,0.71895957,986.472576,963.45376,23.01884
00844.jpg,0.7930493,989.42112,965.097984,24.32316
00845.jpg,0.7463233,990.269504,963.918528,26.350952
00846.jpg,0.79730797,987.087616,963.892608,23.195068
00847.jpg,0.7732686,963.37408,937.270592,26.103476
00848.jpg,0.7482134,974.382592,940.746688,33.635944
00849.jpg,0.72647035,960.517952,935.213504,25.304444
00850.jpg,0.73180014,966.344576,941.978624,24.365968
00851.jpg,0.77676004,973.886336,954.880192,19.006104
00852.jpg,0.78618866,956.017472,925.025664,30.99182
00853.jpg,0.64736325,1000.684736,983.3008,17.383952
00854.jpg,0.76024026,1006.976896,982.974784,24.002076
00855.jpg,0.7446239,1000.217088,978.566272,21.650798
00856.jpg,0.7822782,1011.832896,988.307264,23.525676
00857.jpg,0.774313,993.927424,965.534528,28.392904
00858.jpg,0.75809044,1003.2,971.11456,32.085408
00859.jpg,0.7586076,1026.205248,1001.760832,24.444418
00860.jpg,0.7842339,912.718528,892.264512,20.45406
00861.jpg,0.7779582,901.769792,873.860928,27.908854
00862.jpg,0.79160607,871.01696,850.755008,20.261964
00863.jpg,0.79128206,863.098496,840.604608,22.493896
00864.jpg,0.7552202,873.207616,853.319936,19.887736
00865.jpg,0.7431485,879.05888,855.232896,23.825968
00866.jpg,0.78702897,892.1056,871.252864,20.852744
00867.jpg,0.79329467,869.6448,850.27232,19.372478
00868.jpg,0.7315074,988.182144,970.485376,17.696736
00869.jpg,0.7881526,1031.620928,1006.799168,24.821736
00870.jpg,0.728429,999.971904,981.499584,18.472332
00871.jpg,0.7674948,999.46784,974.462784,25.005086
00872.jpg,0.79044724,1015.790592,992.668288,23.122272
00873.jpg,0.6740962,1015.039808,997.634944,17.404908
00874.jpg,0.7493708,1022.453184,1002.342976,20.110188
00875.jpg,0.80183715,869.901632,850.754752,19.146892
00876.jpg,0.7806718,908.790144,888.732352,20.05774
00877.jpg,0.779571,889.169984,869.409152,19.760784
00878.jpg,0.7839191,883.281344,862.673728,20.607666
00879.jpg,0.7814368,860.685888,842.470016,18.215902
00880.jpg,0.7704405,854.328384,831.659264,22.669108
00881.jpg,0.71207196,882.906688,861.767936,21.138754
00882.jpg,0.7792409,858.208384,837.467456,20.740968
00883.jpg,0.5986371,1041.909696,1023.495616,18.414022
00884.jpg,0.76822627,1029.009664,1003.834688,25.174968
00885.jpg,0.6362416,1025.795072,1006.90624,18.888834
00886.jpg,0.78507495,1021.112384,994.759488,26.352906
00887.jpg,0.7519694,983.211776,959.571072,23.640706
00888.jpg,0.79239327,1012.7712,990.98496,21.786214
00889.jpg,0.7278927,1021.744192,1001.568384,20.175822
00890.jpg,0.73085326,862.331648,840.601472,21.730224
00891.jpg,0.7726548,886.87584,864.489856,22.385988
00892.jpg,0.6969705,877.22496,864.054592,13.170328
00893.jpg,0.7884445,899.330944,881.50624,17.824708
00894.jpg,0.7044089,902.44672,879.929088,22.51762
00895.jpg,0.7544244,880.405248,857.552192,22.853108
00896.jpg,0.7710891,893.062272,863.260928,29.801392
00897.jpg,0.7900648,916.05952,898.896128,17.163412
00898.jpg,0.7637341,1019.906432,994.285056,25.62138
00899.jpg,0.76427454,991.807296,965.591296,26.215984
00900.jpg,0.7742663,1031.966464,1008.59104,23.375448
00901.jpg,0.75841355,1033.220608,1012.580096,20.640544
00902.jpg,0.755485,1018.938368,994.730048,24.208332
00903.jpg,0.6724454,1008.575552,985.12352,23.452026
00904.jpg,0.78118634,982.052736,956.303744,25.748982
00905.jpg,0.7490016,863.052992,844.747968,18.305012
00906.jpg,0.6318191,887.720448,869.39424,18.326172
00907.jpg,0.7701129,861.549056,839.341696,22.207396
00908.jpg,0.7659929,934.161728,918.842112,15.319661
00909.jpg,0.72655076,868.560512,852.111936,16.448568
00910.jpg,0.75594723,900.026176,883.394688,16.63151
00911.jpg,0.736429,901.739392,885.923648,15.815796
00912.jpg,0.79112554,945.350464,928.167168,17.183308
00913.jpg,0.76946,1023.997696,1002.462208,21.53544
00914.jpg,0.75203156,988.623424,963.428032,25.195352
00915.jpg,0.7210325,991.792704,966.291776,25.500936
00916.jpg,0.7663219,1035.63968,1011.632064,24.007568
00917.jpg,0.7509545,1036.724032,1011.036928,25.687092
00918.jpg,0.7803208,980.433344,957.906688,22.526652
00919.jpg,0.7531632,931.702144,906.319168,25.382976
00920.jpg,0.78435373,861.45536,839.815936,21.639444
00921.jpg,0.77575964,864.658944,843.181376,21.47754
00922.jpg,0.7495735,869.780608,849.002048,20.778604
00923.jpg,0.6300551,865.234048,845.067392,20.166668
00924.jpg,0.64732033,882.657984,858.40192,24.256022
00925.jpg,0.784206,930.456512,908.193344,22.263184
00926.jpg,0.78286767,854.018176,835.400704,18.617432
00927.jpg,0.77088934,910.875136,890.9152,19.95992
00928.jpg,0.77369237,1032.072768,1008.288576,23.78418
00929.jpg,0.7007434,980.817728,958.492992,22.324788
00930.jpg,0.73215306,992.72352,967.704448,25.019084
00931.jpg,0.78738415,1046.68512,1020.55264,26.132528
00932.jpg,0.73291737,984.704576,954.264384,30.440144
00933.jpg,0.73180926,1003.793216,978.98656,24.80664
00934.jpg,0.7784415,933.5424,911.737984,21.804444
00935.jpg,0.76979196,901.957888,881.059072,20.898844
00936.jpg,0.7360394,890.57824,876.590272,13.987956
00937.jpg,0.77026296,893.260352,869.907584,23.352784
00938.jpg,0.77717286,854.703872,831.29504,23.408856
00939.jpg,0.7671406,920.687168,898.147904,22.539266
00940.jpg,0.7830559,876.168192,852.982848,23.185344
00941.jpg,0.7723018,864.3072,842.291712,22.015462
00942.jpg,0.7472265,919.457792,900.871296,18.586468
00943.jpg,0.79120535,980.474944,948.889408,31.585532
00944.jpg,0.75305533,1028.694016,1009.33248,19.361532
00945.jpg,0.795194,978.658304,954.881664,23.776612
00946.jpg,0.6755409,986.271168,962.55456,23.716594
00947.jpg,0.7850077,1029.116928,1001.693248,27.423664
00948.jpg,0.6948437,1013.12992,990.163648,22.966268
00949.jpg,0.78875124,930.802304,905.325696,25.476604
00950.jpg,0.7042346,869.811712,848.247488,21.564208
00951.jpg,0.74781793,898.47808,878.816064,19.662028
00952.jpg,0.79737914,864.872256,843.107328,21.764932
00953.jpg,0.7651541,894.133248,868.066496,26.066732
00954.jpg,0.68789935,894.716416,874.854528,19.861856
00955.jpg,0.7613055,913.008704,895.11232,17.896404
00956.jpg,0.7578428,873.984896,850.322752,23.66211
00957.jpg,0.77714723,938.709952,916.365632,22.34436
00958.jpg,0.7899368,990.184256,961.017344,29.166912
00959.jpg,0.79910314,996.266816,968.22208,28.04476
00960.jpg,0.7292975,1004.523712,985.044864,19.478882
00961.jpg,0.76889575,996.333248,972.839424,23.493816
00962.jpg,0.76222086,1035.770624,1008.869504,26.901124
00963.jpg,0.77422106,999.697472,976.334208,23.36324
00964.jpg,0.75728303,926.871488,902.497088,24.374348
00965.jpg,0.75205827,875.083968,848.1744,26.909546
00966.jpg,0.75653064,908.516544,884.610176,23.906332
00967.jpg,0.77226,861.220672,842.9488,18.271852
00968.jpg,0.74605143,862.510528,840.003968,22.506552
00969.jpg,0.7752343,867.324736,844.478656,22.846068
00970.jpg,0.7837281,917.118912,889.409664,27.70927
00971.jpg,0.62730396,869.410176,842.345472,27.064696
00972.jpg,0.77713466,977.410368,947.270656,30.139688
00973.jpg,0.75338364,1009.793792,988.280576,21.513264
00974.jpg,0.75402343,998.514432,974.849216,23.665202
00975.jpg,0.77216536,1014.957952,988.11968,26.838216
00976.jpg,0.66899717,1015.579264,998.430208,17.149088
00977.jpg,0.67395175,983.856448,968.160704,15.69576
00978.jpg,0.7773006,1011.959936,986.31392,25.646036
00979.jpg,0.7626051,944.208768,920.590592,23.618204
00980.jpg,0.70395154,913.831232,891.245312,22.585896
00981.jpg,0.7772987,876.279552,859.013632,17.26591
00982.jpg,0.7395735,858.982656,837.56544,21.417236
00983.jpg,0.7693614,873.342656,844.935232,28.40743
00984.jpg,0.6481111,860.399872,837.400512,22.999348
00985.jpg,0.785883,857.51488,834.002048,23.512776
00986.jpg,0.7877391,899.129536,877.809984,21.31958
00987.jpg,0.76808333,947.499136,926.341888,21.157228
00988.jpg,0.77985984,1040.495744,1018.71168,21.784056
00989.jpg,0.7851607,999.281088,977.355008,21.926106
00990.jpg,0.7824054,1012.61216,987.48832,25.12386
00991.jpg,0.6193895,1011.585664,997.20544,14.380209
00992.jpg,0.7227075,988.303104,961.177792,27.125326
00993.jpg,0.77006656,1026.284672,1001.4064,24.878256
00994.jpg,0.70122266,942.693696,919.040384,23.65332
00995.jpg,0.7228998,928.188864,899.156928,29.031942
00996.jpg,0.7290577,886.04032,860.054016,25.986288
00997.jpg,0.7775952,886.77056,861.945728,24.824828
00998.jpg,0.70118016,867.6016,845.219904,22.381714
00999.jpg,0.781775,864.653696,841.358464,23.295208
01000.jpg,0.72792256,865.339136,838.526016,26.813152
